MAINLAND CHINA,Cases,Deaths,Notes,Links
Hubei province (including Wuhan),"22,112",619*,"3,161 serious, 841 critical",http://wjw.hubei.gov.cn/fbjd/dtyw/202002/t20200207_2020605.shtml
Zhejiang province,"1,006",0,"51 serious, 21 critical",https://www.zjwjw.gov.cn/art/2020/2/7/art_1202101_41884591.html
Guangdong province,"1,018",1,"85 serious, 34 critical",http://wsjkw.gd.gov.cn/zwyw_yqxx/content/post_2886516.html
Henan province,914,3,"48 serious, 27 critical",https://m.weibo.cn/status/4469249072410401
Hunan province,772,0,57 serious,http://wjw.hunan.gov.cn/wjw/xxgk/gzdt/zyxw_1/202002/t20200207_11172443.html
Anhui province,665,0,6 critical,http://wjw.ah.gov.cn/news_details_54633.html
Jiangxi province,661,0,58 serious ,http://hc.jiangxi.gov.cn/doc/2020/02/07/138280.shtml
Chongqing,411,2,"29 serious, 16 critical",http://wsjkw.cq.gov.cn/tzgg/20200207/252410.html
Jiangsu province,408,0,"4 serious, 1 critical",https://m.weibo.cn/detail/4469251446311101
Sichuan province,345*,1,19 critical,https://m.weibo.cn/detail/4469247143303181
Shandong province,379,0,"22 serious, 6 critical",https://m.weibo.cn/status/4469240515689768
Beijing,274,1,1+ critical,http://wjw.beijing.gov.cn/xwzx_20031/wnxw/202002/t20200206_1625583.html
Shanghai,269,1,"10 serious, 8 critical",http://wsjkw.sh.gov.cn/xwfb/20200207/66a03e8813b948bc9e2474afc1e54270.html
Fujian province,215,0,"12 serious, 8 critical",https://mp.weixin.qq.com/s?__biz=MzA5MTM0NjAxNg==&mid=2650269241&idx=1&sn=9d36727af09b49bb2c9163dddca4634b&chksm=887e8336bf090a20eb7564a930bcbf83dfcdd4c012244508a37198c221d329c51095fe9ea61c&token=1602347766&lang=zh_CN#rd&url=http%3A%2F%2Fmp.weixin.qq.com%2Fs%3F__biz%3DMzA5MTM0NjAxNg%3D%3D%26mid%3D2650269241%26idx%3D1%26sn%3D9d36727af09b49bb2c9163dddca4634b%26chksm%3D887e8336bf090a20eb7564a930bcbf83dfcdd4c012244508a37198c221d329c51095fe9ea61c%26token%3D1602347766%26lang%3Dzh_CN%23rd&share_menu=1&sinainternalbrowser=topnav&mid=4468932695565279&luicode=10000011&lfid=100103type%3D1%26q%3D%E7%A6%8F%E5%BB%BA%E6%96%B0%E5%A2%9E%E6%96%B0%E5%9E%8B%E8%82%BA%E7%82%8E%E7%A1%AE%E8%AF%8A%E7%97%85%E4%BE%8B10%E4%BE%8B+%E7%B4%AF%E8%AE%A1%E7%A1%AE%E8%AF%8A215%E4%BE%8B&u=http%3A%2F%2Fmp.weixin.qq.com%2Fs%3F__biz%3DMzA5MTM0NjAxNg%3D%3D%26mid%3D2650269241%26idx%3D1%26sn%3D9d36727af09b49bb2c9163dddca4634b%26chksm%3D887e8336bf090a20eb7564a930bcbf83dfcdd4c012244508a37198c221d329c51095fe9ea61c%26token%3D1602347766%26lang%3Dzh_CN%23rd
Shaanxi province,173,0,1+ serious,http://sxwjw.shaanxi.gov.cn/art/2020/2/6/art_9_67788.html
Guangxi Region,172,0,"9 serious, 6 critical",http://wsjkw.gxzf.gov.cn/zhuantiqu/ncov/ncovyqtb/2020/0207/68495.html
Yunnan province,135,0,"16 serious, 2 critical",http://www.bjnews.com.cn/feature/2020/02/07/685685.html
Hebei province,171,1,14 serious,http://www.hebwst.gov.cn/index.do?id=397290&templet=content&cid=14
Heilongjiang province,227,3,24 serious,http://wsjkw.hlj.gov.cn/index.php/Home/Zwgk/show/newsid/7760/navid/42/stypeid/
Liaoning province,94,0,"7 serious, 1 critical",https://m.weibo.cn/status/4469085037161884
Hainan province,114,2,15 serious,https://m.weibo.cn/detail/4468015657466283
Shanxi province,96,0,"6 serious, 4 critical",http://wjw.shanxi.gov.cn/wjywl02/24739.hrh
Tianjin,81,1,"28 serious, 7 critical",https://m.weibo.cn/detail/4469274200004826
Gansu province,67,0,"5 serious, 3 critical",http://www.bjnews.com.cn/feature/2020/02/07/685653.html
Guizhou province,71,1,"8 serious, 6 critical",https://m.weibo.cn/detail/4469017475439252
Ningxia Region,40,0,3 serious,http://wsjkw.nx.gov.cn/info/1140/13560.htm
Inner Mongolia,46,0,,http://wjw.nmg.gov.cn/doc/2020/02/06/290804.shtml
Jilin province,65,1,"3 serious, 1 critical",https://m.weibo.cn/detail/4469241828347179
Xinjiang,36,0,"8 serious, 1 critical",http://www.xjhfpc.gov.cn/info/1495/18082.htm
Qinghai province,18,0,1 serious,https://m.weibo.cn/status/4468903075418422
Tibet,1,0,Stable,http://www.nhc.gov.cn/yjb/s7860/202001/e71bd2e7a0824ca69f87bbf1bef2a3c9.shtml
Undisclosed,99,1,,http://www.nhc.gov.cn/yjb/s7860/202002/3db09278e3034f289841300ed09bd0e1.shtml
TOTAL,"31,161",637,"4,821 serious1,540 recovered26,359 suspected",
REGIONS,Cases,Deaths,Notes,Links
Hong Kong,24,1,,https://www.chp.gov.hk/files/pdf/enhanced_sur_pneumonia_wuhan_eng.pdf
Taiwan,16,0,1 recovered,https://www.cna.com.tw/news/firstnews/202002065014.aspx
Macau,10,0,,https://news.gov.mo/detail/zh-hant/N20BDPAzBd?3
TOTAL,50,1,0 serious,
INTERNATIONAL,Cases,Deaths,Notes,Links
Japan,86*,0,4 recovered,https://www.mhlw.go.jp/stf/newpage_09340.html
Thailand,25,0,"1 serious, 9 recovered",https://www.bangkokpost.com/thailand/general/1851149/first-local-virus-patient-cured
Singapore,30,0,"1 critical, 1 recovered",https://www.moh.gov.sg/news-highlights/details/four-more-confirmed-cases-of-novel-coronavirus-infection-in-singapore
South Korea,24,0,1 recovered,https://www.yna.co.kr/view/AKR20200207031851004?section=society/all
Australia,15,0,3 recovered,https://www.health.qld.gov.au/news-events/doh-media-releases/releases/queensland-coronavirus-update5
Germany,13,0,,https://www.stmgp.bayern.de/presse/aktuelle-informationen-zur-coronavirus-lage-in-bayern-bayerisches-gesundheitsministerium-13/
Malaysia,14,0,"13 stable, 1 recovered",https://twitter.com/KKMPutrajaya/status/1225324556979560448
United States,12,0,1 recovered,https://wtmj.com/news/2020/02/05/first-wisconsin-coronavirus-case-confirmed/
Vietnam,12,0,3 recovered,https://vietnamnet.vn/vn/suc-khoe/suc-khoe-24h/viet-nam-them-2-ca-duong-tinh-virus-corona-deu-la-nguoi-than-nu-cong-nhan-ve-tu-vu-han-613719.html
France,6,0,1 serious,https://www.francetvinfo.fr/sante/maladie/coronavirus/coronavirus-2019-ncov-les-six-cas-confirmes-en-france-sont-dans-un-etat-stable-selon-le-directeur-general-de-la-sante_3811051.html
UAE,5,0,Stable,https://www.wam.ae/en/details/1395302820367
Canada,7,0,,https://www.cbc.ca/news/canada/british-columbia/2nd-case-of-coronavirus-confirmed-in-b-c-1.5451915
United Kingdom,3,0,,https://www.gov.uk/government/news/cmo-confirms-third-case-of-coronavirus-in-england
Russia,2,0,,https://tass.ru/obschestvo/7656549
Philippines,3,1,,https://www.youtube.com/watch?v=_pIluXrMHCk
India,3,0,Stable,https://www.pib.gov.in/PressReleseDetail.aspx?PRID=1601681
Italy,3,0,2 serious,https://www.ansa.it/canale_saluteebenessere/notizie/sanita/2020/02/03/coronavirus-accertamenti-su-italiano-alla-cecchignola-_b20da9f2-57a5-4870-978f-23e9c50d6155.html
Nepal,1,0,,https://kathmandupost.com/2/2020/01/24/officials-confirm-novel-coronavirus-in-nepali-man-who-returned-from-wuhan-earlier-this-month
Cambodia,1,0,1 recovered,https://twitter.com/VOD_English/status/1221769368180121603
Sri Lanka,1,0,1 recovered,https://www.reuters.com/article/us-health-china-sri-lanka/sri-lanka-confirms-first-case-of-coronavirus-health-official-idUSKBN1ZQ1WF
Finland,1,0,1 recovered,https://yle.fi/uutiset/osasto/news/finlands_first_coronavirus_patient_released_from_hospital_symptom-free/11193661
Sweden,1,0,,https://www.folkhalsomyndigheten.se/nyheter-och-press/nyhetsarkiv/2020/januari/bekraftat-fall-av-nytt-coronavirus-i-sverige/
Spain,1,0,,https://www.antena3.com/noticias/sociedad/confirmado-caso-coronavirus-gomera_202001315e34a9380cf2cfb788f47b07.html
Belgium,1,0,,https://www.info-coronavirus.be/nl/2020/02/04/gerepatrieerde-landgenoot-testte-positief-op-het-nieuwe-coronavirus/
TOTAL,270,1,5 serious/critical,
